{
  "LogisticRegression": {
    "fold_scores": [
      1.0,
      0.9666666666666667,
      0.9,
      1.0,
      0.9
    ],
    "mean_accuracy": 0.9533333333333334,
    "std_accuracy": 0.04521553322083511
  },
  "RandomForest": {
    "fold_scores": [
      0.9666666666666667,
      0.9666666666666667,
      0.9333333333333333,
      0.9666666666666667,
      0.9
    ],
    "mean_accuracy": 0.9466666666666667,
    "std_accuracy": 0.02666666666666666
  },
  "SVC": {
    "fold_scores": [
      1.0,
      0.9666666666666667,
      0.9,
      1.0,
      0.9333333333333333
    ],
    "mean_accuracy": 0.96,
    "std_accuracy": 0.038873012632301994
  }
}